-- phpMyAdmin SQL Dump
-- version 5.0.2
-- https://www.phpmyadmin.net/
--
-- Хост: 127.0.0.1:3306
-- Время создания: Май 20 2020 г., 10:16
-- Версия сервера: 5.7.29
-- Версия PHP: 7.3.17

SET SQL_MODE = "NO_AUTO_VALUE_ON_ZERO";
START TRANSACTION;
SET time_zone = "+00:00";


/*!40101 SET @OLD_CHARACTER_SET_CLIENT=@@CHARACTER_SET_CLIENT */;
/*!40101 SET @OLD_CHARACTER_SET_RESULTS=@@CHARACTER_SET_RESULTS */;
/*!40101 SET @OLD_COLLATION_CONNECTION=@@COLLATION_CONNECTION */;
/*!40101 SET NAMES utf8mb4 */;

--
-- База данных: `tourfirma`
--

-- --------------------------------------------------------

--
-- Структура таблицы `cities`
--

CREATE TABLE `cities` (
  `id` bigint(20) UNSIGNED NOT NULL,
  `title` varchar(255) COLLATE utf8mb4_unicode_ci NOT NULL,
  `preview_text` text COLLATE utf8mb4_unicode_ci NOT NULL,
  `detail_text` text COLLATE utf8mb4_unicode_ci NOT NULL,
  `img` varchar(255) COLLATE utf8mb4_unicode_ci NOT NULL,
  `country_id` bigint(20) UNSIGNED NOT NULL,
  `created_at` timestamp NULL DEFAULT NULL,
  `updated_at` timestamp NULL DEFAULT NULL
) ENGINE=InnoDB DEFAULT CHARSET=utf8mb4 COLLATE=utf8mb4_unicode_ci;

--
-- Дамп данных таблицы `cities`
--

INSERT INTO `cities` (`id`, `title`, `preview_text`, `detail_text`, `img`, `country_id`, `created_at`, `updated_at`) VALUES
(1, 'Москва', '<p>Cras facilisis, nulla vel viverra auctor, leo gna sodales felis, quis malesuada nibh odio ut velit. Proin pharetra luctus diam, a celerisque eros convallis accumsan. </p>Maecenas vehicula egestas venenatis. Duis massa elit, auctor non pellentesque vel', '<p>Cras facilisis, nulla vel viverra auctor, leo gna sodales felis, quis malesuada nibh odio ut velit. Proin pharetra luctus diam, a celerisque eros convallis accumsan. </p>\r\n						<p>Cras facilisis, nulla vel viverra auctor, leo gna sodales felis, quis malesuada nibh odio ut velit. Proin pharetra luctus diam, a celerisque eros convallis accumsan. </p>\r\n						<p>Cras facilisis, nulla vel viverra auctor, leo gna sodales felis, quis malesuada nibh odio ut velit. Proin pharetra luctus diam, a celerisque eros convallis accumsan. </p>\r\n						<p>Cras facilisis, nulla vel viverra auctor, leo gna sodales felis, quis malesuada nibh odio ut velit. Proin pharetra luctus diam, a celerisque eros convallis accumsan. </p>\r\n						<p>Cras facilisis, nulla vel viverra auctor, leo gna sodales felis, quis malesuada nibh odio ut velit. Proin pharetra luctus diam, a celerisque eros convallis accumsan. </p>\r\n						<p>Cras facilisis, nulla vel viverra auctor, leo gna sodales felis, quis malesuada nibh odio ut velit. Proin pharetra luctus diam, a celerisque eros convallis accumsan. </p>', '/storage/images/cities/5dd8017b28236.jpg', 2, '2019-10-23 00:59:04', '2019-11-22 05:40:43'),
(2, 'Мадрид', '<p>Cras facilisis, nulla vel viverra auctor, leo gna sodales felis, quis malesuada nibh odio ut velit. Proin pharetra luctus diam, a celerisque eros convallis accumsan. </p>Maecenas vehicula egestas venenatis. Duis massa elit, auctor non pellentesque vel', '<p>Cras facilisis, nulla vel viverra auctor, leo gna sodales felis, quis malesuada nibh odio ut velit. Proin pharetra luctus diam, a celerisque eros convallis accumsan. </p>\r\n						<p>Cras facilisis, nulla vel viverra auctor, leo gna sodales felis, quis malesuada nibh odio ut velit. Proin pharetra luctus diam, a celerisque eros convallis accumsan. </p>\r\n						<p>Cras facilisis, nulla vel viverra auctor, leo gna sodales felis, quis malesuada nibh odio ut velit. Proin pharetra luctus diam, a celerisque eros convallis accumsan. </p>\r\n						<p>Cras facilisis, nulla vel viverra auctor, leo gna sodales felis, quis malesuada nibh odio ut velit. Proin pharetra luctus diam, a celerisque eros convallis accumsan. </p>\r\n						<p>Cras facilisis, nulla vel viverra auctor, leo gna sodales felis, quis malesuada nibh odio ut velit. Proin pharetra luctus diam, a celerisque eros convallis accumsan. </p>\r\n						<p>Cras facilisis, nulla vel viverra auctor, leo gna sodales felis, quis malesuada nibh odio ut velit. Proin pharetra luctus diam, a celerisque eros convallis accumsan. </p>', '/storage/images/cities/5dd8018e59075.jpg', 1, '2019-10-23 01:08:26', '2019-11-22 05:41:02'),
(3, 'Санкт Петербург', '<p>Cras facilisis, nulla vel viverra auctor, leo gna sodales felis, quis malesuada nibh odio ut velit. Proin pharetra luctus diam, a celerisque eros convallis accumsan. </p>Maecenas vehicula egestas venenatis. Duis massa elit, auctor non pellentesque vel', '<p>Cras facilisis, nulla vel viverra auctor, leo gna sodales felis, quis malesuada nibh odio ut velit. Proin pharetra luctus diam, a celerisque eros convallis accumsan. </p>\r\n						<p>Cras facilisis, nulla vel viverra auctor, leo gna sodales felis, quis malesuada nibh odio ut velit. Proin pharetra luctus diam, a celerisque eros convallis accumsan. </p>\r\n						<p>Cras facilisis, nulla vel viverra auctor, leo gna sodales felis, quis malesuada nibh odio ut velit. Proin pharetra luctus diam, a celerisque eros convallis accumsan. </p>\r\n						<p>Cras facilisis, nulla vel viverra auctor, leo gna sodales felis, quis malesuada nibh odio ut velit. Proin pharetra luctus diam, a celerisque eros convallis accumsan. </p>\r\n						<p>Cras facilisis, nulla vel viverra auctor, leo gna sodales felis, quis malesuada nibh odio ut velit. Proin pharetra luctus diam, a celerisque eros convallis accumsan. </p>\r\n						<p>Cras facilisis, nulla vel viverra auctor, leo gna sodales felis, quis malesuada nibh odio ut velit. Proin pharetra luctus diam, a celerisque eros convallis accumsan. </p>', '/storage/images/cities/5dd80197a6f4a.jpg', 2, '2019-10-23 01:10:28', '2019-11-22 05:41:11'),
(4, 'Паттайя', '<p>Cras facilisis, nulla vel viverra auctor, leo gna sodales felis, quis malesuada nibh odio ut velit. Proin pharetra luctus diam, a celerisque eros convallis accumsan. </p>Maecenas vehicula egestas venenatis. Duis massa elit, auctor non pellentesque vel', '<p>Cras facilisis, nulla vel viverra auctor, leo gna sodales felis, quis malesuada nibh odio ut velit. Proin pharetra luctus diam, a celerisque eros convallis accumsan. </p>\r\n						<p>Cras facilisis, nulla vel viverra auctor, leo gna sodales felis, quis malesuada nibh odio ut velit. Proin pharetra luctus diam, a celerisque eros convallis accumsan. </p>\r\n						<p>Cras facilisis, nulla vel viverra auctor, leo gna sodales felis, quis malesuada nibh odio ut velit. Proin pharetra luctus diam, a celerisque eros convallis accumsan. </p>\r\n						<p>Cras facilisis, nulla vel viverra auctor, leo gna sodales felis, quis malesuada nibh odio ut velit. Proin pharetra luctus diam, a celerisque eros convallis accumsan. </p>\r\n						<p>Cras facilisis, nulla vel viverra auctor, leo gna sodales felis, quis malesuada nibh odio ut velit. Proin pharetra luctus diam, a celerisque eros convallis accumsan. </p>\r\n						<p>Cras facilisis, nulla vel viverra auctor, leo gna sodales felis, quis malesuada nibh odio ut velit. Proin pharetra luctus diam, a celerisque eros convallis accumsan. </p>', '/storage/images/cities/5dd801afac376.jpg', 3, '2019-10-23 01:13:17', '2019-11-22 05:41:35'),
(5, 'Барселона', '<p>Cras facilisis, nulla vel viverra auctor, leo gna sodales felis, quis malesuada nibh odio ut velit. Proin pharetra luctus diam, a celerisque eros convallis accumsan. </p>Maecenas vehicula egestas venenatis. Duis massa elit, auctor non pellentesque vel', '<p>Cras facilisis, nulla vel viverra auctor, leo gna sodales felis, quis malesuada nibh odio ut velit. Proin pharetra luctus diam, a celerisque eros convallis accumsan. </p>\r\n						<p>Cras facilisis, nulla vel viverra auctor, leo gna sodales felis, quis malesuada nibh odio ut velit. Proin pharetra luctus diam, a celerisque eros convallis accumsan. </p>\r\n						<p>Cras facilisis, nulla vel viverra auctor, leo gna sodales felis, quis malesuada nibh odio ut velit. Proin pharetra luctus diam, a celerisque eros convallis accumsan. </p>\r\n						<p>Cras facilisis, nulla vel viverra auctor, leo gna sodales felis, quis malesuada nibh odio ut velit. Proin pharetra luctus diam, a celerisque eros convallis accumsan. </p>\r\n						<p>Cras facilisis, nulla vel viverra auctor, leo gna sodales felis, quis malesuada nibh odio ut velit. Proin pharetra luctus diam, a celerisque eros convallis accumsan. </p>\r\n						<p>Cras facilisis, nulla vel viverra auctor, leo gna sodales felis, quis malesuada nibh odio ut velit. Proin pharetra luctus diam, a celerisque eros convallis accumsan. </p>', '/storage/images/cities/5dd801b92f6d1.jpg', 1, '2019-10-30 21:41:49', '2019-11-22 05:41:45'),
(6, 'Бангкок', '<p>Cras facilisis, nulla vel viverra auctor, leo gna sodales felis, quis malesuada nibh odio ut velit. Proin pharetra luctus diam, a celerisque eros convallis accumsan. </p>Maecenas vehicula egestas venenatis. Duis massa elit, auctor non pellentesque vel', '<p>Cras facilisis, nulla vel viverra auctor, leo gna sodales felis, quis malesuada nibh odio ut velit. Proin pharetra luctus diam, a celerisque eros convallis accumsan. </p>\r\n						<p>Cras facilisis, nulla vel viverra auctor, leo gna sodales felis, quis malesuada nibh odio ut velit. Proin pharetra luctus diam, a celerisque eros convallis accumsan. </p>\r\n						<p>Cras facilisis, nulla vel viverra auctor, leo gna sodales felis, quis malesuada nibh odio ut velit. Proin pharetra luctus diam, a celerisque eros convallis accumsan. </p>\r\n						<p>Cras facilisis, nulla vel viverra auctor, leo gna sodales felis, quis malesuada nibh odio ut velit. Proin pharetra luctus diam, a celerisque eros convallis accumsan. </p>\r\n						<p>Cras facilisis, nulla vel viverra auctor, leo gna sodales felis, quis malesuada nibh odio ut velit. Proin pharetra luctus diam, a celerisque eros convallis accumsan. </p>\r\n						<p>Cras facilisis, nulla vel viverra auctor, leo gna sodales felis, quis malesuada nibh odio ut velit. Proin pharetra luctus diam, a celerisque eros convallis accumsan. </p>', '/storage/images/cities/5dd801c703fbb.jpg', 3, '2019-10-30 21:42:22', '2019-11-22 05:41:59');

-- --------------------------------------------------------

--
-- Структура таблицы `countries`
--

CREATE TABLE `countries` (
  `id` bigint(20) UNSIGNED NOT NULL,
  `title` varchar(255) COLLATE utf8mb4_unicode_ci NOT NULL,
  `preview_text` text COLLATE utf8mb4_unicode_ci NOT NULL,
  `detail_text` text COLLATE utf8mb4_unicode_ci NOT NULL,
  `img` varchar(255) COLLATE utf8mb4_unicode_ci NOT NULL,
  `created_at` timestamp NULL DEFAULT NULL,
  `updated_at` timestamp NULL DEFAULT NULL
) ENGINE=InnoDB DEFAULT CHARSET=utf8mb4 COLLATE=utf8mb4_unicode_ci;

--
-- Дамп данных таблицы `countries`
--

INSERT INTO `countries` (`id`, `title`, `preview_text`, `detail_text`, `img`, `created_at`, `updated_at`) VALUES
(1, 'Испания', '<p>Cras facilisis, nulla vel viverra auctor, leo gna sodales felis, quis malesuada nibh odio ut velit. Proin pharetra luctus diam, a celerisque eros convallis accumsan. </p>Maecenas vehicula egestas venenatis. Duis massa elit, auctor non pellentesque vel', '<p>Cras facilisis, nulla vel viverra auctor, leo gna sodales felis, quis malesuada nibh odio ut velit. Proin pharetra luctus diam, a celerisque eros convallis accumsan. </p>\r\n						<p>Cras facilisis, nulla vel viverra auctor, leo gna sodales felis, quis malesuada nibh odio ut velit. Proin pharetra luctus diam, a celerisque eros convallis accumsan. </p>\r\n						<p>Cras facilisis, nulla vel viverra auctor, leo gna sodales felis, quis malesuada nibh odio ut velit. Proin pharetra luctus diam, a celerisque eros convallis accumsan. </p>\r\n						<p>Cras facilisis, nulla vel viverra auctor, leo gna sodales felis, quis malesuada nibh odio ut velit. Proin pharetra luctus diam, a celerisque eros convallis accumsan. </p>\r\n						<p>Cras facilisis, nulla vel viverra auctor, leo gna sodales felis, quis malesuada nibh odio ut velit. Proin pharetra luctus diam, a celerisque eros convallis accumsan. </p>\r\n						<p>Cras facilisis, nulla vel viverra auctor, leo gna sodales felis, quis malesuada nibh odio ut velit. Proin pharetra luctus diam, a celerisque eros convallis accumsan. </p>', '/storage/images/countries/5dd7f3aad9d84.jpg', '2019-10-21 06:11:47', '2019-11-22 04:41:46'),
(2, 'Россия', '<p>Cras facilisis, nulla vel viverra auctor, leo gna sodales felis, quis malesuada nibh odio ut velit. Proin pharetra luctus diam, a celerisque eros convallis accumsan. </p>Maecenas vehicula egestas venenatis. Duis massa elit, auctor non pellentesque vel', '<p>Cras facilisis, nulla vel viverra auctor, leo gna sodales felis, quis malesuada nibh odio ut velit. Proin pharetra luctus diam, a celerisque eros convallis accumsan. </p>\r\n						<p>Cras facilisis, nulla vel viverra auctor, leo gna sodales felis, quis malesuada nibh odio ut velit. Proin pharetra luctus diam, a celerisque eros convallis accumsan. </p>\r\n						<p>Cras facilisis, nulla vel viverra auctor, leo gna sodales felis, quis malesuada nibh odio ut velit. Proin pharetra luctus diam, a celerisque eros convallis accumsan. </p>\r\n						<p>Cras facilisis, nulla vel viverra auctor, leo gna sodales felis, quis malesuada nibh odio ut velit. Proin pharetra luctus diam, a celerisque eros convallis accumsan. </p>\r\n						<p>Cras facilisis, nulla vel viverra auctor, leo gna sodales felis, quis malesuada nibh odio ut velit. Proin pharetra luctus diam, a celerisque eros convallis accumsan. </p>\r\n						<p>Cras facilisis, nulla vel viverra auctor, leo gna sodales felis, quis malesuada nibh odio ut velit. Proin pharetra luctus diam, a celerisque eros convallis accumsan. </p>', '/storage/images/countries/5dd7fd1e933ac.jpg', '2019-10-21 06:14:10', '2019-11-22 05:22:06'),
(3, 'Таиланд', '<p>Cras facilisis, nulla vel viverra auctor, leo gna sodales felis, quis malesuada nibh odio ut velit. Proin pharetra luctus diam, a celerisque eros convallis accumsan. </p>Maecenas vehicula egestas venenatis. Duis massa elit, auctor non pellentesque vel', '<p>Cras facilisis, nulla vel viverra auctor, leo gna sodales felis, quis malesuada nibh odio ut velit. Proin pharetra luctus diam, a celerisque eros convallis accumsan. </p>\r\n						<p>Cras facilisis, nulla vel viverra auctor, leo gna sodales felis, quis malesuada nibh odio ut velit. Proin pharetra luctus diam, a celerisque eros convallis accumsan. </p>\r\n						<p>Cras facilisis, nulla vel viverra auctor, leo gna sodales felis, quis malesuada nibh odio ut velit. Proin pharetra luctus diam, a celerisque eros convallis accumsan. </p>\r\n						<p>Cras facilisis, nulla vel viverra auctor, leo gna sodales felis, quis malesuada nibh odio ut velit. Proin pharetra luctus diam, a celerisque eros convallis accumsan. </p>\r\n						<p>Cras facilisis, nulla vel viverra auctor, leo gna sodales felis, quis malesuada nibh odio ut velit. Proin pharetra luctus diam, a celerisque eros convallis accumsan. </p>\r\n						<p>Cras facilisis, nulla vel viverra auctor, leo gna sodales felis, quis malesuada nibh odio ut velit. Proin pharetra luctus diam, a celerisque eros convallis accumsan. </p>', '/storage/images/countries/5dd7fd31d8094.jpg', '2019-10-21 06:14:39', '2019-11-22 05:22:25');

-- --------------------------------------------------------

--
-- Структура таблицы `galleries`
--

CREATE TABLE `galleries` (
  `id` bigint(20) UNSIGNED NOT NULL,
  `name` varchar(255) COLLATE utf8mb4_unicode_ci NOT NULL,
  `img` varchar(255) COLLATE utf8mb4_unicode_ci NOT NULL,
  `tour_id` bigint(20) UNSIGNED NOT NULL,
  `created_at` timestamp NULL DEFAULT NULL,
  `updated_at` timestamp NULL DEFAULT NULL
) ENGINE=InnoDB DEFAULT CHARSET=utf8mb4 COLLATE=utf8mb4_unicode_ci;

--
-- Дамп данных таблицы `galleries`
--

INSERT INTO `galleries` (`id`, `name`, `img`, `tour_id`, `created_at`, `updated_at`) VALUES
(14, 'Улица Мадрида', '/storage/images/galleries/5ddd14acb24e2.jpg', 3, '2019-11-26 02:03:56', '2019-11-26 02:03:56'),
(15, 'Река Мадрида', '/storage/images/galleries/5ddd15318b4c1.jpg', 3, '2019-11-26 02:06:09', '2019-11-26 02:06:09'),
(16, 'кафе Мадрида', '/storage/images/galleries/5ddd155221af8.jpg', 3, '2019-11-26 02:06:42', '2019-11-26 02:06:42'),
(17, 'Отель Барселоны', '/storage/images/galleries/5ddd3c1580fb4.jpg', 4, '2019-11-26 04:52:05', '2019-11-26 04:52:05'),
(18, 'Барселона вечером', '/storage/images/galleries/5ddd3d430ced1.jpg', 4, '2019-11-26 04:57:07', '2019-11-26 04:57:07'),
(19, 'Барселона', '/storage/images/galleries/5ddd3dbb5f670.jpg', 4, '2019-11-26 04:59:07', '2019-11-26 04:59:07'),
(20, 'улицы Москвы', '/storage/images/galleries/5ddd3df9cd3a9.jpg', 5, '2019-11-26 05:00:09', '2019-11-26 05:00:09'),
(21, 'Москва вечером', '/storage/images/galleries/5ddd3e08f1442.jpg', 5, '2019-11-26 05:00:24', '2019-11-26 05:00:24'),
(22, 'улицы Петербурга', '/storage/images/galleries/5ddd3ff588179.jpg', 9, '2019-11-26 05:08:37', '2019-11-26 05:08:37'),
(24, 'Петербург вечером', '/storage/images/galleries/5ddd40301bd11.jpg', 9, '2019-11-26 05:09:36', '2019-11-26 05:09:36'),
(25, 'улицы Бангкок', '/storage/images/galleries/5ddd40d71d59f.jpg', 10, '2019-11-26 05:12:23', '2019-11-26 05:12:23'),
(26, 'Бангкок вечером', '/storage/images/galleries/5ddd40e801c41.jpg', 10, '2019-11-26 05:12:40', '2019-11-26 05:12:40'),
(27, 'улицы Паттайя', '/storage/images/galleries/5ddd415ce2f81.jpg', 11, '2019-11-26 05:14:36', '2019-11-26 05:14:36'),
(28, 'Паттайя вечером', '/storage/images/galleries/5ddd417bca304.jpg', 11, '2019-11-26 05:15:07', '2019-11-26 05:15:07'),
(29, 'Петербург', '/storage/images/galleries/5ddd41911d990.jpg', 12, '2019-11-26 05:15:29', '2019-11-26 05:15:29'),
(30, 'Москва', '/storage/images/galleries/5ddd41a1e5c50.jpg', 12, '2019-11-26 05:15:45', '2019-11-26 05:15:45'),
(31, 'Москва вечером', '/storage/images/galleries/5ddd41bc4cf52.jpg', 12, '2019-11-26 05:16:12', '2019-11-26 05:16:12'),
(32, 'Петербург вечером', '/storage/images/galleries/5ddd41ce95475.jpg', 12, '2019-11-26 05:16:30', '2019-11-26 05:16:30'),
(33, 'улицы Петербурга', '/storage/images/galleries/5ddd41e7e48c6.jpg', 12, '2019-11-26 05:16:55', '2019-11-26 05:16:55'),
(34, 'улицы Москвы', '/storage/images/galleries/5ddd41f6ea703.jpg', 12, '2019-11-26 05:17:10', '2019-11-26 05:17:10'),
(35, 'Москва центр', '/storage/images/galleries/5ddd420d6bffb.jpg', 13, '2019-11-26 05:17:33', '2019-11-26 05:17:33');

-- --------------------------------------------------------

--
-- Структура таблицы `hotels`
--

CREATE TABLE `hotels` (
  `id` bigint(20) UNSIGNED NOT NULL,
  `title` varchar(255) COLLATE utf8mb4_unicode_ci NOT NULL,
  `price` bigint(20) NOT NULL,
  `detail_text` text COLLATE utf8mb4_unicode_ci NOT NULL,
  `img` varchar(255) COLLATE utf8mb4_unicode_ci NOT NULL,
  `city_id` bigint(20) UNSIGNED NOT NULL,
  `created_at` timestamp NULL DEFAULT NULL,
  `updated_at` timestamp NULL DEFAULT NULL
) ENGINE=InnoDB DEFAULT CHARSET=utf8mb4 COLLATE=utf8mb4_unicode_ci;

--
-- Дамп данных таблицы `hotels`
--

INSERT INTO `hotels` (`id`, `title`, `price`, `detail_text`, `img`, `city_id`, `created_at`, `updated_at`) VALUES
(4, 'Hotel Urban', 1250, '<p>Cras facilisis, nulla vel viverra auctor, leo gna sodales felis, quis malesuada nibh odio ut velit. Proin pharetra luctus diam, a celerisque eros convallis accumsan. </p>\r\n						<p>Cras facilisis, nulla vel viverra auctor, leo gna sodales felis, quis malesuada nibh odio ut velit. Proin pharetra luctus diam, a celerisque eros convallis accumsan. </p>\r\n						<p>Cras facilisis, nulla vel viverra auctor, leo gna sodales felis, quis malesuada nibh odio ut velit. Proin pharetra luctus diam, a celerisque eros convallis accumsan. </p>\r\n						<p>Cras facilisis, nulla vel viverra auctor, leo gna sodales felis, quis malesuada nibh odio ut velit. Proin pharetra luctus diam, a celerisque eros convallis accumsan. </p>\r\n						<p>Cras facilisis, nulla vel viverra auctor, leo gna sodales felis, quis malesuada nibh odio ut velit. Proin pharetra luctus diam, a celerisque eros convallis accumsan. </p>\r\n						<p>Cras facilisis, nulla vel viverra auctor, leo gna sodales felis, quis malesuada nibh odio ut velit. Proin pharetra luctus diam, a celerisque eros convallis accumsan. </p>\r\n<p>Cras facilisis, nulla vel viverra auctor, leo gna sodales felis, quis malesuada nibh odio ut velit. Proin pharetra luctus diam, a celerisque eros convallis accumsan. </p>\r\n						<p>Cras facilisis, nulla vel viverra auctor, leo gna sodales felis, quis malesuada nibh odio ut velit. Proin pharetra luctus diam, a celerisque eros convallis accumsan. </p>\r\n<p>Cras facilisis, nulla vel viverra auctor, leo gna sodales felis, quis malesuada nibh odio ut velit. Proin pharetra luctus diam, a celerisque eros convallis accumsan. </p>\r\n<p>Cras facilisis, nulla vel viverra auctor, leo gna sodales felis, quis malesuada nibh odio ut velit. Proin pharetra luctus diam, a celerisque eros convallis accumsan. </p>\r\n						<p>Cras facilisis, nulla vel viverra auctor, leo gna sodales felis, quis malesuada nibh odio ut velit. Proin pharetra luctus diam, a celerisque eros convallis accumsan. </p>', '/storage/images/hotels/5dd7fe4424d12.jpg', 2, '2019-10-30 21:52:12', '2019-11-22 05:27:00'),
(5, 'NYX Hotel Madrid', 1500, '<p>Cras facilisis, nulla vel viverra auctor, leo gna sodales felis, quis malesuada nibh odio ut velit. Proin pharetra luctus diam, a celerisque eros convallis accumsan. </p>\r\n						<p>Cras facilisis, nulla vel viverra auctor, leo gna sodales felis, quis malesuada nibh odio ut velit. Proin pharetra luctus diam, a celerisque eros convallis accumsan. </p>\r\n						<p>Cras facilisis, nulla vel viverra auctor, leo gna sodales felis, quis malesuada nibh odio ut velit. Proin pharetra luctus diam, a celerisque eros convallis accumsan. </p>\r\n						<p>Cras facilisis, nulla vel viverra auctor, leo gna sodales felis, quis malesuada nibh odio ut velit. Proin pharetra luctus diam, a celerisque eros convallis accumsan. </p>\r\n						<p>Cras facilisis, nulla vel viverra auctor, leo gna sodales felis, quis malesuada nibh odio ut velit. Proin pharetra luctus diam, a celerisque eros convallis accumsan. </p>\r\n						<p>Cras facilisis, nulla vel viverra auctor, leo gna sodales felis, quis malesuada nibh odio ut velit. Proin pharetra luctus diam, a celerisque eros convallis accumsan. </p>\r\n<p>Cras facilisis, nulla vel viverra auctor, leo gna sodales felis, quis malesuada nibh odio ut velit. Proin pharetra luctus diam, a celerisque eros convallis accumsan. </p>\r\n						<p>Cras facilisis, nulla vel viverra auctor, leo gna sodales felis, quis malesuada nibh odio ut velit. Proin pharetra luctus diam, a celerisque eros convallis accumsan. </p>\r\n<p>Cras facilisis, nulla vel viverra auctor, leo gna sodales felis, quis malesuada nibh odio ut velit. Proin pharetra luctus diam, a celerisque eros convallis accumsan. </p>\r\n<p>Cras facilisis, nulla vel viverra auctor, leo gna sodales felis, quis malesuada nibh odio ut velit. Proin pharetra luctus diam, a celerisque eros convallis accumsan. </p>\r\n						<p>Cras facilisis, nulla vel viverra auctor, leo gna sodales felis, quis malesuada nibh odio ut velit. Proin pharetra luctus diam, a celerisque eros convallis accumsan. </p>', '/storage/images/hotels/5dd7fe50d198d.jpg', 2, '2019-10-30 21:53:43', '2019-11-22 05:27:12'),
(6, 'Seventy Barcelona', 1400, '<p>Cras facilisis, nulla vel viverra auctor, leo gna sodales felis, quis malesuada nibh odio ut velit. Proin pharetra luctus diam, a celerisque eros convallis accumsan. </p>\r\n						<p>Cras facilisis, nulla vel viverra auctor, leo gna sodales felis, quis malesuada nibh odio ut velit. Proin pharetra luctus diam, a celerisque eros convallis accumsan. </p>\r\n						<p>Cras facilisis, nulla vel viverra auctor, leo gna sodales felis, quis malesuada nibh odio ut velit. Proin pharetra luctus diam, a celerisque eros convallis accumsan. </p>\r\n						<p>Cras facilisis, nulla vel viverra auctor, leo gna sodales felis, quis malesuada nibh odio ut velit. Proin pharetra luctus diam, a celerisque eros convallis accumsan. </p>\r\n						<p>Cras facilisis, nulla vel viverra auctor, leo gna sodales felis, quis malesuada nibh odio ut velit. Proin pharetra luctus diam, a celerisque eros convallis accumsan. </p>\r\n						<p>Cras facilisis, nulla vel viverra auctor, leo gna sodales felis, quis malesuada nibh odio ut velit. Proin pharetra luctus diam, a celerisque eros convallis accumsan. </p>\r\n<p>Cras facilisis, nulla vel viverra auctor, leo gna sodales felis, quis malesuada nibh odio ut velit. Proin pharetra luctus diam, a celerisque eros convallis accumsan. </p>\r\n						<p>Cras facilisis, nulla vel viverra auctor, leo gna sodales felis, quis malesuada nibh odio ut velit. Proin pharetra luctus diam, a celerisque eros convallis accumsan. </p>\r\n<p>Cras facilisis, nulla vel viverra auctor, leo gna sodales felis, quis malesuada nibh odio ut velit. Proin pharetra luctus diam, a celerisque eros convallis accumsan. </p>\r\n<p>Cras facilisis, nulla vel viverra auctor, leo gna sodales felis, quis malesuada nibh odio ut velit. Proin pharetra luctus diam, a celerisque eros convallis accumsan. </p>\r\n						<p>Cras facilisis, nulla vel viverra auctor, leo gna sodales felis, quis malesuada nibh odio ut velit. Proin pharetra luctus diam, a celerisque eros convallis accumsan. </p>', '/storage/images/hotels/5dd7fe6fa83ee.jpg', 5, '2019-10-30 21:56:37', '2019-11-22 05:27:43'),
(7, 'Barcelona Convention Bureau', 1200, '<p>Cras facilisis, nulla vel viverra auctor, leo gna sodales felis, quis malesuada nibh odio ut velit. Proin pharetra luctus diam, a celerisque eros convallis accumsan. </p>\r\n						<p>Cras facilisis, nulla vel viverra auctor, leo gna sodales felis, quis malesuada nibh odio ut velit. Proin pharetra luctus diam, a celerisque eros convallis accumsan. </p>\r\n						<p>Cras facilisis, nulla vel viverra auctor, leo gna sodales felis, quis malesuada nibh odio ut velit. Proin pharetra luctus diam, a celerisque eros convallis accumsan. </p>\r\n						<p>Cras facilisis, nulla vel viverra auctor, leo gna sodales felis, quis malesuada nibh odio ut velit. Proin pharetra luctus diam, a celerisque eros convallis accumsan. </p>\r\n						<p>Cras facilisis, nulla vel viverra auctor, leo gna sodales felis, quis malesuada nibh odio ut velit. Proin pharetra luctus diam, a celerisque eros convallis accumsan. </p>\r\n						<p>Cras facilisis, nulla vel viverra auctor, leo gna sodales felis, quis malesuada nibh odio ut velit. Proin pharetra luctus diam, a celerisque eros convallis accumsan. </p>\r\n<p>Cras facilisis, nulla vel viverra auctor, leo gna sodales felis, quis malesuada nibh odio ut velit. Proin pharetra luctus diam, a celerisque eros convallis accumsan. </p>\r\n						<p>Cras facilisis, nulla vel viverra auctor, leo gna sodales felis, quis malesuada nibh odio ut velit. Proin pharetra luctus diam, a celerisque eros convallis accumsan. </p>\r\n<p>Cras facilisis, nulla vel viverra auctor, leo gna sodales felis, quis malesuada nibh odio ut velit. Proin pharetra luctus diam, a celerisque eros convallis accumsan. </p>\r\n<p>Cras facilisis, nulla vel viverra auctor, leo gna sodales felis, quis malesuada nibh odio ut velit. Proin pharetra luctus diam, a celerisque eros convallis accumsan. </p>\r\n						<p>Cras facilisis, nulla vel viverra auctor, leo gna sodales felis, quis malesuada nibh odio ut velit. Proin pharetra luctus diam, a celerisque eros convallis accumsan. </p>', '/storage/images/hotels/5dd7fe801a35e.jpg', 5, '2019-10-30 21:58:08', '2019-11-22 05:28:00'),
(8, 'Pattaya Hiso Hotel', 200, '<p>Cras facilisis, nulla vel viverra auctor, leo gna sodales felis, quis malesuada nibh odio ut velit. Proin pharetra luctus diam, a celerisque eros convallis accumsan. </p>\r\n						<p>Cras facilisis, nulla vel viverra auctor, leo gna sodales felis, quis malesuada nibh odio ut velit. Proin pharetra luctus diam, a celerisque eros convallis accumsan. </p>\r\n						<p>Cras facilisis, nulla vel viverra auctor, leo gna sodales felis, quis malesuada nibh odio ut velit. Proin pharetra luctus diam, a celerisque eros convallis accumsan. </p>\r\n						<p>Cras facilisis, nulla vel viverra auctor, leo gna sodales felis, quis malesuada nibh odio ut velit. Proin pharetra luctus diam, a celerisque eros convallis accumsan. </p>\r\n						<p>Cras facilisis, nulla vel viverra auctor, leo gna sodales felis, quis malesuada nibh odio ut velit. Proin pharetra luctus diam, a celerisque eros convallis accumsan. </p>\r\n						<p>Cras facilisis, nulla vel viverra auctor, leo gna sodales felis, quis malesuada nibh odio ut velit. Proin pharetra luctus diam, a celerisque eros convallis accumsan. </p>\r\n<p>Cras facilisis, nulla vel viverra auctor, leo gna sodales felis, quis malesuada nibh odio ut velit. Proin pharetra luctus diam, a celerisque eros convallis accumsan. </p>\r\n						<p>Cras facilisis, nulla vel viverra auctor, leo gna sodales felis, quis malesuada nibh odio ut velit. Proin pharetra luctus diam, a celerisque eros convallis accumsan. </p>\r\n<p>Cras facilisis, nulla vel viverra auctor, leo gna sodales felis, quis malesuada nibh odio ut velit. Proin pharetra luctus diam, a celerisque eros convallis accumsan. </p>\r\n<p>Cras facilisis, nulla vel viverra auctor, leo gna sodales felis, quis malesuada nibh odio ut velit. Proin pharetra luctus diam, a celerisque eros convallis accumsan. </p>\r\n						<p>Cras facilisis, nulla vel viverra auctor, leo gna sodales felis, quis malesuada nibh odio ut velit. Proin pharetra luctus diam, a celerisque eros convallis accumsan. </p>', '/storage/images/hotels/5dd7fe8dc26fa.jpg', 4, '2019-10-30 22:02:40', '2019-11-22 05:28:13'),
(9, 'FX Hotel Pattaya', 2500, '<p>Cras facilisis, nulla vel viverra auctor, leo gna sodales felis, quis malesuada nibh odio ut velit. Proin pharetra luctus diam, a celerisque eros convallis accumsan. </p>\r\n						<p>Cras facilisis, nulla vel viverra auctor, leo gna sodales felis, quis malesuada nibh odio ut velit. Proin pharetra luctus diam, a celerisque eros convallis accumsan. </p>\r\n						<p>Cras facilisis, nulla vel viverra auctor, leo gna sodales felis, quis malesuada nibh odio ut velit. Proin pharetra luctus diam, a celerisque eros convallis accumsan. </p>\r\n						<p>Cras facilisis, nulla vel viverra auctor, leo gna sodales felis, quis malesuada nibh odio ut velit. Proin pharetra luctus diam, a celerisque eros convallis accumsan. </p>\r\n						<p>Cras facilisis, nulla vel viverra auctor, leo gna sodales felis, quis malesuada nibh odio ut velit. Proin pharetra luctus diam, a celerisque eros convallis accumsan. </p>\r\n						<p>Cras facilisis, nulla vel viverra auctor, leo gna sodales felis, quis malesuada nibh odio ut velit. Proin pharetra luctus diam, a celerisque eros convallis accumsan. </p>\r\n<p>Cras facilisis, nulla vel viverra auctor, leo gna sodales felis, quis malesuada nibh odio ut velit. Proin pharetra luctus diam, a celerisque eros convallis accumsan. </p>\r\n						<p>Cras facilisis, nulla vel viverra auctor, leo gna sodales felis, quis malesuada nibh odio ut velit. Proin pharetra luctus diam, a celerisque eros convallis accumsan. </p>\r\n<p>Cras facilisis, nulla vel viverra auctor, leo gna sodales felis, quis malesuada nibh odio ut velit. Proin pharetra luctus diam, a celerisque eros convallis accumsan. </p>\r\n<p>Cras facilisis, nulla vel viverra auctor, leo gna sodales felis, quis malesuada nibh odio ut velit. Proin pharetra luctus diam, a celerisque eros convallis accumsan. </p>\r\n						<p>Cras facilisis, nulla vel viverra auctor, leo gna sodales felis, quis malesuada nibh odio ut velit. Proin pharetra luctus diam, a celerisque eros convallis accumsan. </p>', '/storage/images/hotels/5dd7fea3e3719.jpg', 4, '2019-10-30 22:03:04', '2019-11-22 05:28:35'),
(10, 'Grand Sukhumvit', 1500, '<p>Cras facilisis, nulla vel viverra auctor, leo gna sodales felis, quis malesuada nibh odio ut velit. Proin pharetra luctus diam, a celerisque eros convallis accumsan. </p>\r\n						<p>Cras facilisis, nulla vel viverra auctor, leo gna sodales felis, quis malesuada nibh odio ut velit. Proin pharetra luctus diam, a celerisque eros convallis accumsan. </p>\r\n						<p>Cras facilisis, nulla vel viverra auctor, leo gna sodales felis, quis malesuada nibh odio ut velit. Proin pharetra luctus diam, a celerisque eros convallis accumsan. </p>\r\n						<p>Cras facilisis, nulla vel viverra auctor, leo gna sodales felis, quis malesuada nibh odio ut velit. Proin pharetra luctus diam, a celerisque eros convallis accumsan. </p>\r\n						<p>Cras facilisis, nulla vel viverra auctor, leo gna sodales felis, quis malesuada nibh odio ut velit. Proin pharetra luctus diam, a celerisque eros convallis accumsan. </p>\r\n						<p>Cras facilisis, nulla vel viverra auctor, leo gna sodales felis, quis malesuada nibh odio ut velit. Proin pharetra luctus diam, a celerisque eros convallis accumsan. </p>\r\n<p>Cras facilisis, nulla vel viverra auctor, leo gna sodales felis, quis malesuada nibh odio ut velit. Proin pharetra luctus diam, a celerisque eros convallis accumsan. </p>\r\n						<p>Cras facilisis, nulla vel viverra auctor, leo gna sodales felis, quis malesuada nibh odio ut velit. Proin pharetra luctus diam, a celerisque eros convallis accumsan. </p>\r\n<p>Cras facilisis, nulla vel viverra auctor, leo gna sodales felis, quis malesuada nibh odio ut velit. Proin pharetra luctus diam, a celerisque eros convallis accumsan. </p>\r\n<p>Cras facilisis, nulla vel viverra auctor, leo gna sodales felis, quis malesuada nibh odio ut velit. Proin pharetra luctus diam, a celerisque eros convallis accumsan. </p>\r\n						<p>Cras facilisis, nulla vel viverra auctor, leo gna sodales felis, quis malesuada nibh odio ut velit. Proin pharetra luctus diam, a celerisque eros convallis accumsan. </p>', '/storage/images/hotels/5dd7feb367b90.jpg', 6, '2019-10-30 22:05:44', '2019-11-22 05:28:51'),
(11, 'Baiyoke Sky Hotel', 3000, '<p>Cras facilisis, nulla vel viverra auctor, leo gna sodales felis, quis malesuada nibh odio ut velit. Proin pharetra luctus diam, a celerisque eros convallis accumsan. </p>\r\n						<p>Cras facilisis, nulla vel viverra auctor, leo gna sodales felis, quis malesuada nibh odio ut velit. Proin pharetra luctus diam, a celerisque eros convallis accumsan. </p>\r\n						<p>Cras facilisis, nulla vel viverra auctor, leo gna sodales felis, quis malesuada nibh odio ut velit. Proin pharetra luctus diam, a celerisque eros convallis accumsan. </p>\r\n						<p>Cras facilisis, nulla vel viverra auctor, leo gna sodales felis, quis malesuada nibh odio ut velit. Proin pharetra luctus diam, a celerisque eros convallis accumsan. </p>\r\n						<p>Cras facilisis, nulla vel viverra auctor, leo gna sodales felis, quis malesuada nibh odio ut velit. Proin pharetra luctus diam, a celerisque eros convallis accumsan. </p>\r\n						<p>Cras facilisis, nulla vel viverra auctor, leo gna sodales felis, quis malesuada nibh odio ut velit. Proin pharetra luctus diam, a celerisque eros convallis accumsan. </p>\r\n<p>Cras facilisis, nulla vel viverra auctor, leo gna sodales felis, quis malesuada nibh odio ut velit. Proin pharetra luctus diam, a celerisque eros convallis accumsan. </p>\r\n						<p>Cras facilisis, nulla vel viverra auctor, leo gna sodales felis, quis malesuada nibh odio ut velit. Proin pharetra luctus diam, a celerisque eros convallis accumsan. </p>\r\n<p>Cras facilisis, nulla vel viverra auctor, leo gna sodales felis, quis malesuada nibh odio ut velit. Proin pharetra luctus diam, a celerisque eros convallis accumsan. </p>\r\n<p>Cras facilisis, nulla vel viverra auctor, leo gna sodales felis, quis malesuada nibh odio ut velit. Proin pharetra luctus diam, a celerisque eros convallis accumsan. </p>\r\n						<p>Cras facilisis, nulla vel viverra auctor, leo gna sodales felis, quis malesuada nibh odio ut velit. Proin pharetra luctus diam, a celerisque eros convallis accumsan. </p>', '/storage/images/hotels/5dd7fec226d5b.jpg', 6, '2019-10-30 22:06:19', '2019-11-22 05:29:06'),
(12, 'Sunflower Авеню', 1000, '<p>Cras facilisis, nulla vel viverra auctor, leo gna sodales felis, quis malesuada nibh odio ut velit. Proin pharetra luctus diam, a celerisque eros convallis accumsan. </p>\r\n						<p>Cras facilisis, nulla vel viverra auctor, leo gna sodales felis, quis malesuada nibh odio ut velit. Proin pharetra luctus diam, a celerisque eros convallis accumsan. </p>\r\n						<p>Cras facilisis, nulla vel viverra auctor, leo gna sodales felis, quis malesuada nibh odio ut velit. Proin pharetra luctus diam, a celerisque eros convallis accumsan. </p>\r\n						<p>Cras facilisis, nulla vel viverra auctor, leo gna sodales felis, quis malesuada nibh odio ut velit. Proin pharetra luctus diam, a celerisque eros convallis accumsan. </p>\r\n						<p>Cras facilisis, nulla vel viverra auctor, leo gna sodales felis, quis malesuada nibh odio ut velit. Proin pharetra luctus diam, a celerisque eros convallis accumsan. </p>\r\n						<p>Cras facilisis, nulla vel viverra auctor, leo gna sodales felis, quis malesuada nibh odio ut velit. Proin pharetra luctus diam, a celerisque eros convallis accumsan. </p>\r\n<p>Cras facilisis, nulla vel viverra auctor, leo gna sodales felis, quis malesuada nibh odio ut velit. Proin pharetra luctus diam, a celerisque eros convallis accumsan. </p>\r\n						<p>Cras facilisis, nulla vel viverra auctor, leo gna sodales felis, quis malesuada nibh odio ut velit. Proin pharetra luctus diam, a celerisque eros convallis accumsan. </p>\r\n<p>Cras facilisis, nulla vel viverra auctor, leo gna sodales felis, quis malesuada nibh odio ut velit. Proin pharetra luctus diam, a celerisque eros convallis accumsan. </p>\r\n<p>Cras facilisis, nulla vel viverra auctor, leo gna sodales felis, quis malesuada nibh odio ut velit. Proin pharetra luctus diam, a celerisque eros convallis accumsan. </p>\r\n						<p>Cras facilisis, nulla vel viverra auctor, leo gna sodales felis, quis malesuada nibh odio ut velit. Proin pharetra luctus diam, a celerisque eros convallis accumsan. </p>', '/storage/images/hotels/5dd7fecf9939c.jpg', 1, '2019-10-31 01:53:49', '2019-11-22 05:29:19'),
(13, 'Центр-Mercure', 1100, '<p>Cras facilisis, nulla vel viverra auctor, leo gna sodales felis, quis malesuada nibh odio ut velit. Proin pharetra luctus diam, a celerisque eros convallis accumsan. </p>\r\n						<p>Cras facilisis, nulla vel viverra auctor, leo gna sodales felis, quis malesuada nibh odio ut velit. Proin pharetra luctus diam, a celerisque eros convallis accumsan. </p>\r\n						<p>Cras facilisis, nulla vel viverra auctor, leo gna sodales felis, quis malesuada nibh odio ut velit. Proin pharetra luctus diam, a celerisque eros convallis accumsan. </p>\r\n						<p>Cras facilisis, nulla vel viverra auctor, leo gna sodales felis, quis malesuada nibh odio ut velit. Proin pharetra luctus diam, a celerisque eros convallis accumsan. </p>\r\n						<p>Cras facilisis, nulla vel viverra auctor, leo gna sodales felis, quis malesuada nibh odio ut velit. Proin pharetra luctus diam, a celerisque eros convallis accumsan. </p>\r\n						<p>Cras facilisis, nulla vel viverra auctor, leo gna sodales felis, quis malesuada nibh odio ut velit. Proin pharetra luctus diam, a celerisque eros convallis accumsan. </p>\r\n<p>Cras facilisis, nulla vel viverra auctor, leo gna sodales felis, quis malesuada nibh odio ut velit. Proin pharetra luctus diam, a celerisque eros convallis accumsan. </p>\r\n						<p>Cras facilisis, nulla vel viverra auctor, leo gna sodales felis, quis malesuada nibh odio ut velit. Proin pharetra luctus diam, a celerisque eros convallis accumsan. </p>\r\n<p>Cras facilisis, nulla vel viverra auctor, leo gna sodales felis, quis malesuada nibh odio ut velit. Proin pharetra luctus diam, a celerisque eros convallis accumsan. </p>\r\n<p>Cras facilisis, nulla vel viverra auctor, leo gna sodales felis, quis malesuada nibh odio ut velit. Proin pharetra luctus diam, a celerisque eros convallis accumsan. </p>\r\n						<p>Cras facilisis, nulla vel viverra auctor, leo gna sodales felis, quis malesuada nibh odio ut velit. Proin pharetra luctus diam, a celerisque eros convallis accumsan. </p>', '/storage/images/hotels/5dd7fee605f69.jpg', 1, '2019-10-31 01:54:37', '2019-11-22 05:29:42'),
(14, 'Гостиница Санкт-Петербург', 1000, '<p>Cras facilisis, nulla vel viverra auctor, leo gna sodales felis, quis malesuada nibh odio ut velit. Proin pharetra luctus diam, a celerisque eros convallis accumsan. </p>\r\n						<p>Cras facilisis, nulla vel viverra auctor, leo gna sodales felis, quis malesuada nibh odio ut velit. Proin pharetra luctus diam, a celerisque eros convallis accumsan. </p>\r\n						<p>Cras facilisis, nulla vel viverra auctor, leo gna sodales felis, quis malesuada nibh odio ut velit. Proin pharetra luctus diam, a celerisque eros convallis accumsan. </p>\r\n						<p>Cras facilisis, nulla vel viverra auctor, leo gna sodales felis, quis malesuada nibh odio ut velit. Proin pharetra luctus diam, a celerisque eros convallis accumsan. </p>\r\n						<p>Cras facilisis, nulla vel viverra auctor, leo gna sodales felis, quis malesuada nibh odio ut velit. Proin pharetra luctus diam, a celerisque eros convallis accumsan. </p>\r\n						<p>Cras facilisis, nulla vel viverra auctor, leo gna sodales felis, quis malesuada nibh odio ut velit. Proin pharetra luctus diam, a celerisque eros convallis accumsan. </p>\r\n<p>Cras facilisis, nulla vel viverra auctor, leo gna sodales felis, quis malesuada nibh odio ut velit. Proin pharetra luctus diam, a celerisque eros convallis accumsan. </p>\r\n						<p>Cras facilisis, nulla vel viverra auctor, leo gna sodales felis, quis malesuada nibh odio ut velit. Proin pharetra luctus diam, a celerisque eros convallis accumsan. </p>\r\n<p>Cras facilisis, nulla vel viverra auctor, leo gna sodales felis, quis malesuada nibh odio ut velit. Proin pharetra luctus diam, a celerisque eros convallis accumsan. </p>\r\n<p>Cras facilisis, nulla vel viverra auctor, leo gna sodales felis, quis malesuada nibh odio ut velit. Proin pharetra luctus diam, a celerisque eros convallis accumsan. </p>\r\n						<p>Cras facilisis, nulla vel viverra auctor, leo gna sodales felis, quis malesuada nibh odio ut velit. Proin pharetra luctus diam, a celerisque eros convallis accumsan. </p>', '/storage/images/hotels/5dd7fefe22c00.jpg', 3, '2019-10-31 01:56:52', '2019-11-22 05:30:06'),
(15, 'AZIMUT', 1100, '<p>Cras facilisis, nulla vel viverra auctor, leo gna sodales felis, quis malesuada nibh odio ut velit. Proin pharetra luctus diam, a celerisque eros convallis accumsan. </p>\r\n						<p>Cras facilisis, nulla vel viverra auctor, leo gna sodales felis, quis malesuada nibh odio ut velit. Proin pharetra luctus diam, a celerisque eros convallis accumsan. </p>\r\n						<p>Cras facilisis, nulla vel viverra auctor, leo gna sodales felis, quis malesuada nibh odio ut velit. Proin pharetra luctus diam, a celerisque eros convallis accumsan. </p>\r\n						<p>Cras facilisis, nulla vel viverra auctor, leo gna sodales felis, quis malesuada nibh odio ut velit. Proin pharetra luctus diam, a celerisque eros convallis accumsan. </p>\r\n						<p>Cras facilisis, nulla vel viverra auctor, leo gna sodales felis, quis malesuada nibh odio ut velit. Proin pharetra luctus diam, a celerisque eros convallis accumsan. </p>\r\n						<p>Cras facilisis, nulla vel viverra auctor, leo gna sodales felis, quis malesuada nibh odio ut velit. Proin pharetra luctus diam, a celerisque eros convallis accumsan. </p>\r\n<p>Cras facilisis, nulla vel viverra auctor, leo gna sodales felis, quis malesuada nibh odio ut velit. Proin pharetra luctus diam, a celerisque eros convallis accumsan. </p>\r\n						<p>Cras facilisis, nulla vel viverra auctor, leo gna sodales felis, quis malesuada nibh odio ut velit. Proin pharetra luctus diam, a celerisque eros convallis accumsan. </p>\r\n<p>Cras facilisis, nulla vel viverra auctor, leo gna sodales felis, quis malesuada nibh odio ut velit. Proin pharetra luctus diam, a celerisque eros convallis accumsan. </p>\r\n<p>Cras facilisis, nulla vel viverra auctor, leo gna sodales felis, quis malesuada nibh odio ut velit. Proin pharetra luctus diam, a celerisque eros convallis accumsan. </p>\r\n						<p>Cras facilisis, nulla vel viverra auctor, leo gna sodales felis, quis malesuada nibh odio ut velit. Proin pharetra luctus diam, a celerisque eros convallis accumsan. </p>', '/storage/images/hotels/5dd7ff06e365a.jpg', 3, '2019-10-31 01:57:18', '2019-11-22 05:30:14');

-- --------------------------------------------------------

--
-- Структура таблицы `migrations`
--

CREATE TABLE `migrations` (
  `id` int(10) UNSIGNED NOT NULL,
  `migration` varchar(255) COLLATE utf8mb4_unicode_ci NOT NULL,
  `batch` int(11) NOT NULL
) ENGINE=InnoDB DEFAULT CHARSET=utf8mb4 COLLATE=utf8mb4_unicode_ci;

--
-- Дамп данных таблицы `migrations`
--

INSERT INTO `migrations` (`id`, `migration`, `batch`) VALUES
(1, '2014_10_12_000000_create_users_table', 1),
(2, '2014_10_12_100000_create_password_resets_table', 1),
(3, '2018_11_02_120957_create_roles_table', 1),
(4, '2018_11_02_121015_create_permissions_table', 1),
(5, '2018_11_02_121327_create_role_user_table', 1),
(6, '2018_11_02_121335_create_permission_role_table', 1),
(7, '2019_10_15_091100_create_countries_table', 1),
(8, '2020_03_04_135708_create_navigations_table', 1),
(9, '2020_03_11_132530_create_sliders_table', 1),
(10, '2020_03_12_124917_create_news_table', 1),
(11, '2020_03_13_121137_create_cities_table', 1),
(12, '2020_03_14_164804_create_hotels_table', 1),
(13, '2020_03_15_080706_create_tours_table', 1),
(14, '2020_03_15_081545_create_tour_hotel_table', 1),
(15, '2020_03_15_081709_create_types_table', 1),
(16, '2020_03_15_082356_create_galleries_table', 1);

-- --------------------------------------------------------

--
-- Структура таблицы `navigations`
--

CREATE TABLE `navigations` (
  `id` bigint(20) UNSIGNED NOT NULL,
  `title` varchar(255) COLLATE utf8mb4_unicode_ci NOT NULL,
  `path` varchar(255) COLLATE utf8mb4_unicode_ci NOT NULL,
  `routeName` varchar(255) COLLATE utf8mb4_unicode_ci NOT NULL,
  `created_at` timestamp NULL DEFAULT NULL,
  `updated_at` timestamp NULL DEFAULT NULL
) ENGINE=InnoDB DEFAULT CHARSET=utf8mb4 COLLATE=utf8mb4_unicode_ci;

--
-- Дамп данных таблицы `navigations`
--

INSERT INTO `navigations` (`id`, `title`, `path`, `routeName`, `created_at`, `updated_at`) VALUES
(1, 'ГЛАВНАЯ', '/', 'index', '2019-10-25 04:08:55', '2019-11-29 03:27:28'),
(2, 'ТУРЫ', '/tours', 'tours', '2019-10-27 19:43:40', '2019-11-29 03:27:38'),
(3, 'СТРАНЫ', '/countries', 'countries', '2019-10-27 19:46:05', '2019-11-29 03:27:45'),
(4, 'ОТЕЛИ', '/hotels', 'hotels', '2019-10-27 19:46:24', '2019-11-29 03:27:52'),
(5, 'НОВОСТИ', '/news', 'news', '2019-10-27 19:47:17', '2019-11-29 03:27:59'),
(7, 'КОНТАКТЫ', '/contacts', 'contacts', '2019-10-27 19:52:44', '2019-11-29 03:28:06');

-- --------------------------------------------------------

--
-- Структура таблицы `news`
--

CREATE TABLE `news` (
  `id` bigint(20) UNSIGNED NOT NULL,
  `title` varchar(255) COLLATE utf8mb4_unicode_ci NOT NULL,
  `img` varchar(255) COLLATE utf8mb4_unicode_ci NOT NULL,
  `preview_text` text COLLATE utf8mb4_unicode_ci NOT NULL,
  `detail_text` text COLLATE utf8mb4_unicode_ci NOT NULL,
  `created_at` timestamp NULL DEFAULT NULL,
  `updated_at` timestamp NULL DEFAULT NULL
) ENGINE=InnoDB DEFAULT CHARSET=utf8mb4 COLLATE=utf8mb4_unicode_ci;

--
-- Дамп данных таблицы `news`
--

INSERT INTO `news` (`id`, `title`, `img`, `preview_text`, `detail_text`, `created_at`, `updated_at`) VALUES
(1, 'Новость 1', '/storage/images/news/5dd80303ec35f.jpg', '<p>Gravitate deus. Quarum ipsa illic congeriem deerat recessit. Campos aberant. Sui addidit ardentior nullaque verba nuper fluminaque fixo lacusque. Freta verba opifex nabataeaque quia temperiemque caesa caeli fulminibus. Tonitrua tumescere arce convexi perveniunt terris fixo obliquis limitibus. Caelum amphitrite frigida premuntur undis illas.</p>', '<p>Cras facilisis, nulla vel viverra auctor, leo gna sodales felis, quis malesuada nibh odio ut velit. Proin pharetra luctus diam, a celerisque eros convallis accumsan. \r\n						Cras facilisis, nulla vel viverra auctor, leo gna sodales felis, quis malesuada nibh odio ut velit. Proin pharetra luctus diam, a celerisque eros convallis accumsan. </p>\r\n						<p>Cras facilisis, nulla vel viverra auctor, leo gna sodales felis, quis malesuada nibh odio ut velit. Proin pharetra luctus diam, a celerisque eros convallis accumsan. </p>\r\n						<p>Cras facilisis, nulla vel viverra auctor, leo gna sodales felis, quis malesuada nibh odio ut velit. Proin pharetra luctus diam, a celerisque eros convallis accumsan. </p>\r\n						<p>Cras facilisis, nulla vel viverra auctor, leo gna sodales felis, quis malesuada nibh odio ut velit. Proin pharetra luctus diam, a celerisque eros convallis accumsan. </p>\r\n						<p>Cras facilisis, nulla vel viverra auctor, leo gna sodales felis, quis malesuada nibh odio ut velit. Proin pharetra luctus diam, a celerisque eros convallis accumsan. </p>\r\n						<p>Cras facilisis, nulla vel viverra auctor, leo gna sodales felis, quis malesuada nibh odio ut velit. Proin pharetra luctus diam, a celerisque eros convallis accumsan. </p>\r\n						<p>Cras facilisis, nulla vel viverra auctor, leo gna sodales felis, quis malesuada nibh odio ut velit. Proin pharetra luctus diam, a celerisque eros convallis accumsan. </p>\r\n						<p>Cras facilisis, nulla vel viverra auctor, leo gna sodales felis, quis malesuada nibh odio ut velit. Proin pharetra luctus diam, a celerisque eros convallis accumsan. </p>\r\n						<p>Cras facilisis, nulla vel viverra auctor, leo gna sodales felis, quis malesuada nibh odio ut velit. Proin pharetra luctus diam, a celerisque eros convallis accumsan. </p>', '2019-11-02 03:15:47', '2019-11-22 05:47:15'),
(2, 'Новость 2', '/storage/images/news/5dd8030c382fb.jpg', '<p>Gravitate deus. Quarum ipsa illic congeriem deerat recessit. Campos aberant. Sui addidit ardentior nullaque verba nuper fluminaque fixo lacusque. Freta verba opifex nabataeaque quia temperiemque caesa caeli fulminibus. Tonitrua tumescere arce convexi perveniunt terris fixo obliquis limitibus. Caelum amphitrite frigida premuntur undis illas.</p>', '<p>Cras facilisis, nulla vel viverra auctor, leo gna sodales felis, quis malesuada nibh odio ut velit. Proin pharetra luctus diam, a celerisque eros convallis accumsan. \r\n						Cras facilisis, nulla vel viverra auctor, leo gna sodales felis, quis malesuada nibh odio ut velit. Proin pharetra luctus diam, a celerisque eros convallis accumsan. </p>\r\n						<p>Cras facilisis, nulla vel viverra auctor, leo gna sodales felis, quis malesuada nibh odio ut velit. Proin pharetra luctus diam, a celerisque eros convallis accumsan. </p>\r\n						<p>Cras facilisis, nulla vel viverra auctor, leo gna sodales felis, quis malesuada nibh odio ut velit. Proin pharetra luctus diam, a celerisque eros convallis accumsan. </p>\r\n						<p>Cras facilisis, nulla vel viverra auctor, leo gna sodales felis, quis malesuada nibh odio ut velit. Proin pharetra luctus diam, a celerisque eros convallis accumsan. </p>\r\n						<p>Cras facilisis, nulla vel viverra auctor, leo gna sodales felis, quis malesuada nibh odio ut velit. Proin pharetra luctus diam, a celerisque eros convallis accumsan. </p>\r\n						<p>Cras facilisis, nulla vel viverra auctor, leo gna sodales felis, quis malesuada nibh odio ut velit. Proin pharetra luctus diam, a celerisque eros convallis accumsan. </p>\r\n						<p>Cras facilisis, nulla vel viverra auctor, leo gna sodales felis, quis malesuada nibh odio ut velit. Proin pharetra luctus diam, a celerisque eros convallis accumsan. </p>\r\n						<p>Cras facilisis, nulla vel viverra auctor, leo gna sodales felis, quis malesuada nibh odio ut velit. Proin pharetra luctus diam, a celerisque eros convallis accumsan. </p>\r\n						<p>Cras facilisis, nulla vel viverra auctor, leo gna sodales felis, quis malesuada nibh odio ut velit. Proin pharetra luctus diam, a celerisque eros convallis accumsan. </p>', '2019-11-02 03:18:58', '2019-11-22 05:47:24'),
(3, 'Новость 3', '/storage/images/news/5dd80313d9697.jpg', '<p>Gravitate deus. Quarum ipsa illic congeriem deerat recessit. Campos aberant. Sui addidit ardentior nullaque verba nuper fluminaque fixo lacusque. Freta verba opifex nabataeaque quia temperiemque caesa caeli fulminibus. Tonitrua tumescere arce convexi perveniunt terris fixo obliquis limitibus. Caelum amphitrite frigida premuntur undis illas.</p>', '<p>Cras facilisis, nulla vel viverra auctor, leo gna sodales felis, quis malesuada nibh odio ut velit. Proin pharetra luctus diam, a celerisque eros convallis accumsan. \r\n						Cras facilisis, nulla vel viverra auctor, leo gna sodales felis, quis malesuada nibh odio ut velit. Proin pharetra luctus diam, a celerisque eros convallis accumsan. </p>\r\n						<p>Cras facilisis, nulla vel viverra auctor, leo gna sodales felis, quis malesuada nibh odio ut velit. Proin pharetra luctus diam, a celerisque eros convallis accumsan. </p>\r\n						<p>Cras facilisis, nulla vel viverra auctor, leo gna sodales felis, quis malesuada nibh odio ut velit. Proin pharetra luctus diam, a celerisque eros convallis accumsan. </p>\r\n						<p>Cras facilisis, nulla vel viverra auctor, leo gna sodales felis, quis malesuada nibh odio ut velit. Proin pharetra luctus diam, a celerisque eros convallis accumsan. </p>\r\n						<p>Cras facilisis, nulla vel viverra auctor, leo gna sodales felis, quis malesuada nibh odio ut velit. Proin pharetra luctus diam, a celerisque eros convallis accumsan. </p>\r\n						<p>Cras facilisis, nulla vel viverra auctor, leo gna sodales felis, quis malesuada nibh odio ut velit. Proin pharetra luctus diam, a celerisque eros convallis accumsan. </p>\r\n						<p>Cras facilisis, nulla vel viverra auctor, leo gna sodales felis, quis malesuada nibh odio ut velit. Proin pharetra luctus diam, a celerisque eros convallis accumsan. </p>\r\n						<p>Cras facilisis, nulla vel viverra auctor, leo gna sodales felis, quis malesuada nibh odio ut velit. Proin pharetra luctus diam, a celerisque eros convallis accumsan. </p>\r\n						<p>Cras facilisis, nulla vel viverra auctor, leo gna sodales felis, quis malesuada nibh odio ut velit. Proin pharetra luctus diam, a celerisque eros convallis accumsan. </p>', '2019-11-02 03:20:10', '2019-11-22 05:47:31');

-- --------------------------------------------------------

--
-- Структура таблицы `password_resets`
--

CREATE TABLE `password_resets` (
  `email` varchar(255) COLLATE utf8mb4_unicode_ci NOT NULL,
  `token` varchar(255) COLLATE utf8mb4_unicode_ci NOT NULL,
  `created_at` timestamp NULL DEFAULT NULL
) ENGINE=InnoDB DEFAULT CHARSET=utf8mb4 COLLATE=utf8mb4_unicode_ci;

-- --------------------------------------------------------

--
-- Структура таблицы `permissions`
--

CREATE TABLE `permissions` (
  `id` bigint(20) UNSIGNED NOT NULL,
  `name` varchar(255) COLLATE utf8mb4_unicode_ci NOT NULL,
  `description` text COLLATE utf8mb4_unicode_ci,
  `created_at` timestamp NULL DEFAULT NULL,
  `updated_at` timestamp NULL DEFAULT NULL
) ENGINE=InnoDB DEFAULT CHARSET=utf8mb4 COLLATE=utf8mb4_unicode_ci;

--
-- Дамп данных таблицы `permissions`
--

INSERT INTO `permissions` (`id`, `name`, `description`, `created_at`, `updated_at`) VALUES
(1, 'VIEW_ADMIN', 'Доступ для админки', NULL, NULL),
(2, 'VIEW_ADMIN_TOURS', 'Список туров', NULL, NULL),
(3, 'ADD_TOURS', 'Добавление тура', NULL, NULL),
(4, 'EDIT_TOURS', 'Изменение тура', NULL, NULL),
(5, 'DELETE_TOURS', 'Удаление тура', NULL, NULL),
(6, 'VIEW_ADMIN_GALLERIES', 'Список галереи', NULL, NULL),
(7, 'ADD_GALLERIES', 'Добавление галереи', NULL, NULL),
(8, 'EDIT_GALLERIES', 'Редактирование галереи', NULL, NULL),
(9, 'DELETE_GALLERIES', 'Удаление галереи', NULL, NULL),
(10, 'VIEW_ADMIN_HOTELS', 'Список отелей', NULL, NULL),
(11, 'ADD_HOTELS', 'добавление отеля', NULL, NULL),
(12, 'EDIT_HOTELS', 'Редактирование отеля', NULL, NULL),
(13, 'DELETE_HOTELS', 'Удаление отеля', NULL, NULL),
(14, 'VIEW_ADMIN_COUNTRIES', 'Список стран', NULL, NULL),
(15, 'ADD_COUNTRIES', 'Добавление стран', NULL, NULL),
(16, 'EDIT_COUNTRIES', 'Редактирование страны', NULL, NULL),
(17, 'DELETE_COUNTRIES', 'Удаление страны', NULL, NULL),
(18, 'VIEW_ADMIN_CITIES', 'Список городов', NULL, NULL),
(19, 'ADD_CITIES', 'Добавление города', NULL, NULL),
(20, 'EDIT_CITIES', 'Редактирование города', NULL, NULL),
(21, 'DELETE_CITIES', 'Удаление города', NULL, NULL),
(22, 'VIEW_ADMIN_NEWS', 'Список новостей', NULL, NULL),
(23, 'ADD_NEWS', 'Добавление новостей', NULL, NULL),
(24, 'EDIT_NEWS', 'Редактирование новостей', NULL, NULL),
(25, 'DELETE_NEWS', 'Удаление новостей', NULL, NULL),
(26, 'VIEW_ADMIN_MENUS', 'Список меню', NULL, NULL),
(27, 'ADD_MENUS', 'Добавление меню', NULL, NULL),
(28, 'EDIT_MENUS', 'Редактирование меню', NULL, NULL),
(29, 'DELETE_MENUS', 'Удаление меню', NULL, NULL),
(30, 'VIEW_ADMIN_SLIDERS', 'Список слайдеров', NULL, NULL),
(31, 'ADD_SLIDERS', 'Добавление слайдера', NULL, NULL),
(32, 'EDIT_SLIDERS', 'Редактирование слайдера', NULL, NULL),
(33, 'DELETE_SLIDERS', 'Удаление слайдера', NULL, NULL),
(34, 'VIEW_ADMIN_USERS', 'Список пользователей', NULL, NULL),
(35, 'ADD_USERS', 'Добавление пользователя', NULL, NULL),
(36, 'EDIT_USERS', 'Редактирование пользователя', NULL, NULL),
(37, 'DELETE_USERS', 'Удаление пользователя', NULL, NULL),
(38, 'CHANGE_PERMISSIONS', 'Редактирования привилегий', NULL, NULL);

-- --------------------------------------------------------

--
-- Структура таблицы `permission_role`
--

CREATE TABLE `permission_role` (
  `role_id` bigint(20) UNSIGNED NOT NULL,
  `permission_id` bigint(20) UNSIGNED NOT NULL
) ENGINE=InnoDB DEFAULT CHARSET=utf8mb4 COLLATE=utf8mb4_unicode_ci;

--
-- Дамп данных таблицы `permission_role`
--

INSERT INTO `permission_role` (`role_id`, `permission_id`) VALUES
(1, 1),
(1, 2),
(1, 3),
(1, 4),
(1, 5),
(1, 6),
(1, 7),
(1, 8),
(1, 9),
(1, 10),
(1, 11),
(1, 12),
(1, 13),
(1, 14),
(1, 15),
(1, 16),
(1, 17),
(1, 18),
(1, 19),
(1, 20),
(1, 21),
(1, 22),
(1, 23),
(1, 24),
(1, 25),
(1, 26),
(1, 27),
(1, 28),
(1, 29),
(1, 30),
(1, 31),
(1, 32),
(1, 33),
(1, 34),
(1, 35),
(1, 36),
(1, 37),
(1, 38),
(2, 1),
(2, 2),
(2, 6),
(2, 10),
(2, 14),
(2, 18),
(2, 22),
(2, 26),
(2, 30);

-- --------------------------------------------------------

--
-- Структура таблицы `roles`
--

CREATE TABLE `roles` (
  `id` bigint(20) UNSIGNED NOT NULL,
  `name` varchar(255) COLLATE utf8mb4_unicode_ci NOT NULL,
  `description` text COLLATE utf8mb4_unicode_ci,
  `created_at` timestamp NULL DEFAULT NULL,
  `updated_at` timestamp NULL DEFAULT NULL
) ENGINE=InnoDB DEFAULT CHARSET=utf8mb4 COLLATE=utf8mb4_unicode_ci;

--
-- Дамп данных таблицы `roles`
--

INSERT INTO `roles` (`id`, `name`, `description`, `created_at`, `updated_at`) VALUES
(1, 'Admin', 'Админ', NULL, NULL),
(2, 'Moderator', 'Модератор', NULL, NULL),
(3, 'Guest', 'Гость', NULL, NULL);

-- --------------------------------------------------------

--
-- Структура таблицы `role_user`
--

CREATE TABLE `role_user` (
  `user_id` bigint(20) UNSIGNED NOT NULL,
  `role_id` bigint(20) UNSIGNED NOT NULL
) ENGINE=InnoDB DEFAULT CHARSET=utf8mb4 COLLATE=utf8mb4_unicode_ci;

--
-- Дамп данных таблицы `role_user`
--

INSERT INTO `role_user` (`user_id`, `role_id`) VALUES
(1, 1),
(2, 3),
(3, 2);

-- --------------------------------------------------------

--
-- Структура таблицы `sliders`
--

CREATE TABLE `sliders` (
  `id` bigint(20) UNSIGNED NOT NULL,
  `title` varchar(255) COLLATE utf8mb4_unicode_ci NOT NULL,
  `img` varchar(255) COLLATE utf8mb4_unicode_ci NOT NULL,
  `price` bigint(20) NOT NULL,
  `country_id` bigint(20) UNSIGNED NOT NULL,
  `created_at` timestamp NULL DEFAULT NULL,
  `updated_at` timestamp NULL DEFAULT NULL
) ENGINE=InnoDB DEFAULT CHARSET=utf8mb4 COLLATE=utf8mb4_unicode_ci;

--
-- Дамп данных таблицы `sliders`
--

INSERT INTO `sliders` (`id`, `title`, `img`, `price`, `country_id`, `created_at`, `updated_at`) VALUES
(1, 'Таиланд', '/storage/images/sliders/5dd8025743397.jpg', 3000, 3, '2019-10-31 04:39:33', '2019-11-22 05:44:23'),
(2, 'Россия', '/storage/images/sliders/5dd802695128b.jpg', 2500, 2, '2019-10-31 04:49:38', '2019-11-22 05:44:41'),
(3, 'Испания', '/storage/images/sliders/5dd80273b1e88.jpg', 3500, 1, '2019-10-31 04:51:41', '2019-11-22 05:44:51');

-- --------------------------------------------------------

--
-- Структура таблицы `tours`
--

CREATE TABLE `tours` (
  `id` bigint(20) UNSIGNED NOT NULL,
  `title` varchar(255) COLLATE utf8mb4_unicode_ci NOT NULL,
  `price` bigint(20) NOT NULL,
  `detail_text` text COLLATE utf8mb4_unicode_ci NOT NULL,
  `hot` varchar(255) COLLATE utf8mb4_unicode_ci NOT NULL DEFAULT 'N',
  `img` varchar(255) COLLATE utf8mb4_unicode_ci NOT NULL,
  `type_tour_id` bigint(20) UNSIGNED NOT NULL,
  `created_at` timestamp NULL DEFAULT NULL,
  `updated_at` timestamp NULL DEFAULT NULL
) ENGINE=InnoDB DEFAULT CHARSET=utf8mb4 COLLATE=utf8mb4_unicode_ci;

--
-- Дамп данных таблицы `tours`
--

INSERT INTO `tours` (`id`, `title`, `price`, `detail_text`, `hot`, `img`, `type_tour_id`, `created_at`, `updated_at`) VALUES
(3, 'Тур по Мадрид', 1000, '<p>Cras facilisis, nulla vel viverra auctor, leo gna sodales felis, quis malesuada nibh odio ut velit. Proin pharetra luctus diam, a celerisque eros convallis accumsan.</p><p>Cras facilisis, nulla vel viverra auctor, leo gna sodales felis, quis malesuada nibh odio ut velit. Proin pharetra luctus diam, a celerisque eros convallis accumsan.</p><p>Cras facilisis, nulla vel viverra auctor, leo gna sodales felis, quis malesuada nibh odio ut velit. Proin pharetra luctus diam, a celerisque eros convallis accumsan.</p><p>Cras facilisis, nulla vel viverra auctor, leo gna sodales felis, quis malesuada nibh odio ut velit. Proin pharetra luctus diam, a celerisque eros convallis accumsan.</p><p>Cras facilisis, nulla vel viverra auctor, leo gna sodales felis, quis malesuada nibh odio ut velit. Proin pharetra luctus diam, a celerisque eros convallis accumsan.</p><p>Cras facilisis, nulla vel viverra auctor, leo gna sodales felis, quis malesuada nibh odio ut velit. Proin pharetra luctus diam, a celerisque eros convallis accumsan.</p><p>Cras facilisis, nulla vel viverra auctor, leo gna sodales felis, quis malesuada nibh odio ut velit. Proin pharetra luctus diam, a celerisque eros convallis accumsan.</p><p>Cras facilisis, nulla vel viverra auctor, leo gna sodales felis, quis malesuada nibh odio ut velit. Proin pharetra luctus diam, a celerisque eros convallis accumsan.</p>', 'Y', '/storage/images/tours/5dd7a1e48bb45.jpg', 2, '2019-11-18 05:05:44', '2020-05-16 09:30:33'),
(4, 'Тур по Барселона', 1500, '<p>Cras facilisis, nulla vel viverra auctor, leo gna sodales felis, quis malesuada nibh odio ut velit. Proin pharetra luctus diam, a celerisque eros convallis accumsan. </p>\r\n						<p>Cras facilisis, nulla vel viverra auctor, leo gna sodales felis, quis malesuada nibh odio ut velit. Proin pharetra luctus diam, a celerisque eros convallis accumsan. </p>\r\n						<p>Cras facilisis, nulla vel viverra auctor, leo gna sodales felis, quis malesuada nibh odio ut velit. Proin pharetra luctus diam, a celerisque eros convallis accumsan. </p>\r\n						<p>Cras facilisis, nulla vel viverra auctor, leo gna sodales felis, quis malesuada nibh odio ut velit. Proin pharetra luctus diam, a celerisque eros convallis accumsan. </p>\r\n						<p>Cras facilisis, nulla vel viverra auctor, leo gna sodales felis, quis malesuada nibh odio ut velit. Proin pharetra luctus diam, a celerisque eros convallis accumsan. </p>\r\n						<p>Cras facilisis, nulla vel viverra auctor, leo gna sodales felis, quis malesuada nibh odio ut velit. Proin pharetra luctus diam, a celerisque eros convallis accumsan. </p>\r\n						<p>Cras facilisis, nulla vel viverra auctor, leo gna sodales felis, quis malesuada nibh odio ut velit. Proin pharetra luctus diam, a celerisque eros convallis accumsan. </p>\r\n						<p>Cras facilisis, nulla vel viverra auctor, leo gna sodales felis, quis malesuada nibh odio ut velit. Proin pharetra luctus diam, a celerisque eros convallis accumsan. </p>', 'N', '/storage/images/tours/5dd7ab854b8f6.jpg', 1, '2019-11-18 05:10:00', '2019-11-24 02:30:39'),
(5, 'Тур по Москва', 1500, '<p>Cras facilisis, nulla vel viverra auctor, leo gna sodales felis, quis malesuada nibh odio ut velit. Proin pharetra luctus diam, a celerisque eros convallis accumsan. </p>\r\n						<p>Cras facilisis, nulla vel viverra auctor, leo gna sodales felis, quis malesuada nibh odio ut velit. Proin pharetra luctus diam, a celerisque eros convallis accumsan. </p>\r\n						<p>Cras facilisis, nulla vel viverra auctor, leo gna sodales felis, quis malesuada nibh odio ut velit. Proin pharetra luctus diam, a celerisque eros convallis accumsan. </p>\r\n						<p>Cras facilisis, nulla vel viverra auctor, leo gna sodales felis, quis malesuada nibh odio ut velit. Proin pharetra luctus diam, a celerisque eros convallis accumsan. </p>\r\n						<p>Cras facilisis, nulla vel viverra auctor, leo gna sodales felis, quis malesuada nibh odio ut velit. Proin pharetra luctus diam, a celerisque eros convallis accumsan. </p>\r\n						<p>Cras facilisis, nulla vel viverra auctor, leo gna sodales felis, quis malesuada nibh odio ut velit. Proin pharetra luctus diam, a celerisque eros convallis accumsan. </p>\r\n						<p>Cras facilisis, nulla vel viverra auctor, leo gna sodales felis, quis malesuada nibh odio ut velit. Proin pharetra luctus diam, a celerisque eros convallis accumsan. </p>\r\n						<p>Cras facilisis, nulla vel viverra auctor, leo gna sodales felis, quis malesuada nibh odio ut velit. Proin pharetra luctus diam, a celerisque eros convallis accumsan. </p>', 'Y', '/storage/images/tours/5dd7ab8ebece2.jpg', 3, '2019-11-18 05:11:31', '2019-11-28 00:11:45'),
(9, 'Тур по Петербург', 1200, '<p>Cras facilisis, nulla vel viverra auctor, leo gna sodales felis, quis malesuada nibh odio ut velit. Proin pharetra luctus diam, a celerisque eros convallis accumsan. </p>\r\n						<p>Cras facilisis, nulla vel viverra auctor, leo gna sodales felis, quis malesuada nibh odio ut velit. Proin pharetra luctus diam, a celerisque eros convallis accumsan. </p>\r\n						<p>Cras facilisis, nulla vel viverra auctor, leo gna sodales felis, quis malesuada nibh odio ut velit. Proin pharetra luctus diam, a celerisque eros convallis accumsan. </p>\r\n						<p>Cras facilisis, nulla vel viverra auctor, leo gna sodales felis, quis malesuada nibh odio ut velit. Proin pharetra luctus diam, a celerisque eros convallis accumsan. </p>\r\n						<p>Cras facilisis, nulla vel viverra auctor, leo gna sodales felis, quis malesuada nibh odio ut velit. Proin pharetra luctus diam, a celerisque eros convallis accumsan. </p>\r\n						<p>Cras facilisis, nulla vel viverra auctor, leo gna sodales felis, quis malesuada nibh odio ut velit. Proin pharetra luctus diam, a celerisque eros convallis accumsan. </p>\r\n						<p>Cras facilisis, nulla vel viverra auctor, leo gna sodales felis, quis malesuada nibh odio ut velit. Proin pharetra luctus diam, a celerisque eros convallis accumsan. </p>\r\n						<p>Cras facilisis, nulla vel viverra auctor, leo gna sodales felis, quis malesuada nibh odio ut velit. Proin pharetra luctus diam, a celerisque eros convallis accumsan. </p>', 'N', '/storage/images/tours/5dd7ab982163c.jpg', 1, '2019-11-20 21:59:16', '2019-11-21 23:34:16'),
(10, 'Тур по Бангкок', 2000, '<p>Cras facilisis, nulla vel viverra auctor, leo gna sodales felis, quis malesuada nibh odio ut velit. Proin pharetra luctus diam, a celerisque eros convallis accumsan. </p>\r\n						<p>Cras facilisis, nulla vel viverra auctor, leo gna sodales felis, quis malesuada nibh odio ut velit. Proin pharetra luctus diam, a celerisque eros convallis accumsan. </p>\r\n						<p>Cras facilisis, nulla vel viverra auctor, leo gna sodales felis, quis malesuada nibh odio ut velit. Proin pharetra luctus diam, a celerisque eros convallis accumsan. </p>\r\n						<p>Cras facilisis, nulla vel viverra auctor, leo gna sodales felis, quis malesuada nibh odio ut velit. Proin pharetra luctus diam, a celerisque eros convallis accumsan. </p>\r\n						<p>Cras facilisis, nulla vel viverra auctor, leo gna sodales felis, quis malesuada nibh odio ut velit. Proin pharetra luctus diam, a celerisque eros convallis accumsan. </p>\r\n						<p>Cras facilisis, nulla vel viverra auctor, leo gna sodales felis, quis malesuada nibh odio ut velit. Proin pharetra luctus diam, a celerisque eros convallis accumsan. </p>\r\n						<p>Cras facilisis, nulla vel viverra auctor, leo gna sodales felis, quis malesuada nibh odio ut velit. Proin pharetra luctus diam, a celerisque eros convallis accumsan. </p>\r\n						<p>Cras facilisis, nulla vel viverra auctor, leo gna sodales felis, quis malesuada nibh odio ut velit. Proin pharetra luctus diam, a celerisque eros convallis accumsan. </p>', 'Y', '/storage/images/tours/5dd7aba1d81bb.jpg', 3, '2019-11-20 22:09:42', '2019-11-21 23:34:25'),
(11, 'Тур по Паттайя', 2500, '<p>Cras facilisis, nulla vel viverra auctor, leo gna sodales felis, quis malesuada nibh odio ut velit. Proin pharetra luctus diam, a celerisque eros convallis accumsan. </p>\r\n						<p>Cras facilisis, nulla vel viverra auctor, leo gna sodales felis, quis malesuada nibh odio ut velit. Proin pharetra luctus diam, a celerisque eros convallis accumsan. </p>\r\n						<p>Cras facilisis, nulla vel viverra auctor, leo gna sodales felis, quis malesuada nibh odio ut velit. Proin pharetra luctus diam, a celerisque eros convallis accumsan. </p>\r\n						<p>Cras facilisis, nulla vel viverra auctor, leo gna sodales felis, quis malesuada nibh odio ut velit. Proin pharetra luctus diam, a celerisque eros convallis accumsan. </p>\r\n						<p>Cras facilisis, nulla vel viverra auctor, leo gna sodales felis, quis malesuada nibh odio ut velit. Proin pharetra luctus diam, a celerisque eros convallis accumsan. </p>\r\n						<p>Cras facilisis, nulla vel viverra auctor, leo gna sodales felis, quis malesuada nibh odio ut velit. Proin pharetra luctus diam, a celerisque eros convallis accumsan. </p>\r\n						<p>Cras facilisis, nulla vel viverra auctor, leo gna sodales felis, quis malesuada nibh odio ut velit. Proin pharetra luctus diam, a celerisque eros convallis accumsan. </p>\r\n						<p>Cras facilisis, nulla vel viverra auctor, leo gna sodales felis, quis malesuada nibh odio ut velit. Proin pharetra luctus diam, a celerisque eros convallis accumsan. </p>', 'Y', '/storage/images/tours/5dd7abc63bb03.jpg', 1, '2019-11-20 22:10:25', '2019-11-21 23:35:02'),
(12, 'Тур по России', 2500, '<p>Cras facilisis, nulla vel viverra auctor, leo gna sodales felis, quis malesuada nibh odio ut velit. Proin pharetra luctus diam, a celerisque eros convallis accumsan. </p>\r\n						<p>Cras facilisis, nulla vel viverra auctor, leo gna sodales felis, quis malesuada nibh odio ut velit. Proin pharetra luctus diam, a celerisque eros convallis accumsan. </p>\r\n						<p>Cras facilisis, nulla vel viverra auctor, leo gna sodales felis, quis malesuada nibh odio ut velit. Proin pharetra luctus diam, a celerisque eros convallis accumsan. </p>\r\n						<p>Cras facilisis, nulla vel viverra auctor, leo gna sodales felis, quis malesuada nibh odio ut velit. Proin pharetra luctus diam, a celerisque eros convallis accumsan. </p>\r\n						<p>Cras facilisis, nulla vel viverra auctor, leo gna sodales felis, quis malesuada nibh odio ut velit. Proin pharetra luctus diam, a celerisque eros convallis accumsan. </p>\r\n						<p>Cras facilisis, nulla vel viverra auctor, leo gna sodales felis, quis malesuada nibh odio ut velit. Proin pharetra luctus diam, a celerisque eros convallis accumsan. </p>\r\n						<p>Cras facilisis, nulla vel viverra auctor, leo gna sodales felis, quis malesuada nibh odio ut velit. Proin pharetra luctus diam, a celerisque eros convallis accumsan. </p>\r\n						<p>Cras facilisis, nulla vel viverra auctor, leo gna sodales felis, quis malesuada nibh odio ut velit. Proin pharetra luctus diam, a celerisque eros convallis accumsan. </p>', 'Y', '/storage/images/tours/5dd7ac1f8e607.jpg', 3, '2019-11-21 04:46:15', '2019-11-21 23:36:31'),
(13, 'Тур центр Москва', 2000, '<p>Cras facilisis, nulla vel viverra auctor, leo gna sodales felis, quis malesuada nibh odio ut velit. Proin pharetra luctus diam, a celerisque eros convallis accumsan. </p>\r\n						<p>Cras facilisis, nulla vel viverra auctor, leo gna sodales felis, quis malesuada nibh odio ut velit. Proin pharetra luctus diam, a celerisque eros convallis accumsan. </p>\r\n						<p>Cras facilisis, nulla vel viverra auctor, leo gna sodales felis, quis malesuada nibh odio ut velit. Proin pharetra luctus diam, a celerisque eros convallis accumsan. </p>\r\n						<p>Cras facilisis, nulla vel viverra auctor, leo gna sodales felis, quis malesuada nibh odio ut velit. Proin pharetra luctus diam, a celerisque eros convallis accumsan. </p>\r\n						<p>Cras facilisis, nulla vel viverra auctor, leo gna sodales felis, quis malesuada nibh odio ut velit. Proin pharetra luctus diam, a celerisque eros convallis accumsan. </p>\r\n						<p>Cras facilisis, nulla vel viverra auctor, leo gna sodales felis, quis malesuada nibh odio ut velit. Proin pharetra luctus diam, a celerisque eros convallis accumsan. </p>', 'Y', '/storage/images/tours/5dd7ac5a1a020.jpg', 1, '2019-11-21 06:16:26', '2019-11-21 23:37:30');

-- --------------------------------------------------------

--
-- Структура таблицы `tour_hotel`
--

CREATE TABLE `tour_hotel` (
  `id` bigint(20) UNSIGNED NOT NULL,
  `tour_id` bigint(20) UNSIGNED NOT NULL,
  `hotel_id` bigint(20) UNSIGNED NOT NULL,
  `created_at` timestamp NULL DEFAULT NULL,
  `updated_at` timestamp NULL DEFAULT NULL
) ENGINE=InnoDB DEFAULT CHARSET=utf8mb4 COLLATE=utf8mb4_unicode_ci;

--
-- Дамп данных таблицы `tour_hotel`
--

INSERT INTO `tour_hotel` (`id`, `tour_id`, `hotel_id`, `created_at`, `updated_at`) VALUES
(30, 3, 5, NULL, NULL),
(31, 4, 6, NULL, NULL),
(41, 9, 14, NULL, NULL),
(42, 3, 4, NULL, NULL),
(43, 4, 7, NULL, NULL),
(44, 9, 15, NULL, NULL),
(45, 5, 12, NULL, NULL),
(46, 5, 13, NULL, NULL),
(47, 10, 10, NULL, NULL),
(48, 10, 11, NULL, NULL),
(49, 11, 8, NULL, NULL),
(50, 11, 9, NULL, NULL),
(57, 12, 12, NULL, NULL),
(58, 12, 13, NULL, NULL),
(59, 12, 14, NULL, NULL),
(60, 12, 15, NULL, NULL),
(114, 13, 15, NULL, NULL),
(115, 3, 6, NULL, NULL),
(116, 3, 7, NULL, NULL),
(117, 3, 8, NULL, NULL),
(118, 3, 9, NULL, NULL),
(119, 3, 10, NULL, NULL),
(120, 3, 11, NULL, NULL),
(121, 3, 12, NULL, NULL),
(122, 3, 13, NULL, NULL),
(123, 3, 14, NULL, NULL),
(124, 3, 15, NULL, NULL);

-- --------------------------------------------------------

--
-- Структура таблицы `types`
--

CREATE TABLE `types` (
  `id` bigint(20) UNSIGNED NOT NULL,
  `name` varchar(255) COLLATE utf8mb4_unicode_ci NOT NULL,
  `created_at` timestamp NULL DEFAULT NULL,
  `updated_at` timestamp NULL DEFAULT NULL
) ENGINE=InnoDB DEFAULT CHARSET=utf8mb4 COLLATE=utf8mb4_unicode_ci;

--
-- Дамп данных таблицы `types`
--

INSERT INTO `types` (`id`, `name`, `created_at`, `updated_at`) VALUES
(1, 'Семейный', NULL, NULL),
(2, 'Три страны', NULL, NULL),
(3, 'Пять городов', NULL, NULL),
(4, 'Европа', NULL, NULL);

-- --------------------------------------------------------

--
-- Структура таблицы `users`
--

CREATE TABLE `users` (
  `id` bigint(20) UNSIGNED NOT NULL,
  `name` varchar(255) COLLATE utf8mb4_unicode_ci NOT NULL,
  `login` varchar(255) COLLATE utf8mb4_unicode_ci NOT NULL,
  `email` varchar(255) COLLATE utf8mb4_unicode_ci NOT NULL,
  `email_verified_at` timestamp NULL DEFAULT NULL,
  `password` varchar(255) COLLATE utf8mb4_unicode_ci NOT NULL,
  `remember_token` varchar(100) COLLATE utf8mb4_unicode_ci DEFAULT NULL,
  `created_at` timestamp NULL DEFAULT NULL,
  `updated_at` timestamp NULL DEFAULT NULL
) ENGINE=InnoDB DEFAULT CHARSET=utf8mb4 COLLATE=utf8mb4_unicode_ci;

--
-- Дамп данных таблицы `users`
--

INSERT INTO `users` (`id`, `name`, `login`, `email`, `email_verified_at`, `password`, `remember_token`, `created_at`, `updated_at`) VALUES
(1, 'Admin', 'admin', 'admin@mail.ru', NULL, '$2y$10$aEtu0dlilV4IQ87gqxVOoO2T3gxl.ZC643epBXeaL5r1Nkua.7c16', 'OFq6ZmSdwEbSzQ01fVWJMWEWFlgB5gS9Dwt1RhwMw8iaVpDNgiUwCZlMaGKl', '2019-11-04 03:24:55', '2019-11-28 07:03:47'),
(2, 'Guest222', 'Guest', 'guest@mail.ru', NULL, '$2y$10$yalYcq4L52Zam2gTShuAOOJTnrmMguSFmEfXndq8LtZmJDt1gvfaq', 'SXes1ja2DKt6q5m6l6YhR9Yy1BCitUXkg3Im34E2f8wjyP43ybMYie2XjxsX', '2019-11-11 00:26:43', '2019-11-12 04:19:04'),
(3, 'moderator', 'moderator', 'moderator@mail.ru', NULL, '$2y$10$nofzdYYn7tan36fgoyR9d.2Geej0gK2i/yBw/TYA82fZ9uuqbwwf.', NULL, '2020-05-15 11:04:03', '2020-05-15 11:04:03');

--
-- Индексы сохранённых таблиц
--

--
-- Индексы таблицы `cities`
--
ALTER TABLE `cities`
  ADD PRIMARY KEY (`id`),
  ADD KEY `cities_country_id_foreign` (`country_id`);

--
-- Индексы таблицы `countries`
--
ALTER TABLE `countries`
  ADD PRIMARY KEY (`id`);

--
-- Индексы таблицы `galleries`
--
ALTER TABLE `galleries`
  ADD PRIMARY KEY (`id`),
  ADD KEY `galleries_tour_id_foreign` (`tour_id`);

--
-- Индексы таблицы `hotels`
--
ALTER TABLE `hotels`
  ADD PRIMARY KEY (`id`),
  ADD KEY `hotels_city_id_foreign` (`city_id`);

--
-- Индексы таблицы `migrations`
--
ALTER TABLE `migrations`
  ADD PRIMARY KEY (`id`);

--
-- Индексы таблицы `navigations`
--
ALTER TABLE `navigations`
  ADD PRIMARY KEY (`id`);

--
-- Индексы таблицы `news`
--
ALTER TABLE `news`
  ADD PRIMARY KEY (`id`);

--
-- Индексы таблицы `password_resets`
--
ALTER TABLE `password_resets`
  ADD KEY `password_resets_email_index` (`email`);

--
-- Индексы таблицы `permissions`
--
ALTER TABLE `permissions`
  ADD PRIMARY KEY (`id`),
  ADD UNIQUE KEY `permissions_name_unique` (`name`);

--
-- Индексы таблицы `permission_role`
--
ALTER TABLE `permission_role`
  ADD KEY `permission_role_permission_id_foreign` (`permission_id`),
  ADD KEY `permission_role_role_id_foreign` (`role_id`);

--
-- Индексы таблицы `roles`
--
ALTER TABLE `roles`
  ADD PRIMARY KEY (`id`);

--
-- Индексы таблицы `role_user`
--
ALTER TABLE `role_user`
  ADD KEY `role_user_role_id_foreign` (`role_id`);

--
-- Индексы таблицы `sliders`
--
ALTER TABLE `sliders`
  ADD PRIMARY KEY (`id`),
  ADD KEY `sliders_country_id_foreign` (`country_id`);

--
-- Индексы таблицы `tours`
--
ALTER TABLE `tours`
  ADD PRIMARY KEY (`id`);

--
-- Индексы таблицы `tour_hotel`
--
ALTER TABLE `tour_hotel`
  ADD PRIMARY KEY (`id`);

--
-- Индексы таблицы `types`
--
ALTER TABLE `types`
  ADD PRIMARY KEY (`id`);

--
-- Индексы таблицы `users`
--
ALTER TABLE `users`
  ADD PRIMARY KEY (`id`),
  ADD UNIQUE KEY `users_login_unique` (`login`),
  ADD UNIQUE KEY `users_email_unique` (`email`);

--
-- AUTO_INCREMENT для сохранённых таблиц
--

--
-- AUTO_INCREMENT для таблицы `cities`
--
ALTER TABLE `cities`
  MODIFY `id` bigint(20) UNSIGNED NOT NULL AUTO_INCREMENT, AUTO_INCREMENT=7;

--
-- AUTO_INCREMENT для таблицы `countries`
--
ALTER TABLE `countries`
  MODIFY `id` bigint(20) UNSIGNED NOT NULL AUTO_INCREMENT, AUTO_INCREMENT=4;

--
-- AUTO_INCREMENT для таблицы `galleries`
--
ALTER TABLE `galleries`
  MODIFY `id` bigint(20) UNSIGNED NOT NULL AUTO_INCREMENT, AUTO_INCREMENT=36;

--
-- AUTO_INCREMENT для таблицы `hotels`
--
ALTER TABLE `hotels`
  MODIFY `id` bigint(20) UNSIGNED NOT NULL AUTO_INCREMENT, AUTO_INCREMENT=16;

--
-- AUTO_INCREMENT для таблицы `migrations`
--
ALTER TABLE `migrations`
  MODIFY `id` int(10) UNSIGNED NOT NULL AUTO_INCREMENT, AUTO_INCREMENT=17;

--
-- AUTO_INCREMENT для таблицы `navigations`
--
ALTER TABLE `navigations`
  MODIFY `id` bigint(20) UNSIGNED NOT NULL AUTO_INCREMENT, AUTO_INCREMENT=8;

--
-- AUTO_INCREMENT для таблицы `news`
--
ALTER TABLE `news`
  MODIFY `id` bigint(20) UNSIGNED NOT NULL AUTO_INCREMENT, AUTO_INCREMENT=4;

--
-- AUTO_INCREMENT для таблицы `permissions`
--
ALTER TABLE `permissions`
  MODIFY `id` bigint(20) UNSIGNED NOT NULL AUTO_INCREMENT, AUTO_INCREMENT=39;

--
-- AUTO_INCREMENT для таблицы `roles`
--
ALTER TABLE `roles`
  MODIFY `id` bigint(20) UNSIGNED NOT NULL AUTO_INCREMENT, AUTO_INCREMENT=4;

--
-- AUTO_INCREMENT для таблицы `sliders`
--
ALTER TABLE `sliders`
  MODIFY `id` bigint(20) UNSIGNED NOT NULL AUTO_INCREMENT, AUTO_INCREMENT=4;

--
-- AUTO_INCREMENT для таблицы `tours`
--
ALTER TABLE `tours`
  MODIFY `id` bigint(20) UNSIGNED NOT NULL AUTO_INCREMENT, AUTO_INCREMENT=14;

--
-- AUTO_INCREMENT для таблицы `tour_hotel`
--
ALTER TABLE `tour_hotel`
  MODIFY `id` bigint(20) UNSIGNED NOT NULL AUTO_INCREMENT, AUTO_INCREMENT=125;

--
-- AUTO_INCREMENT для таблицы `types`
--
ALTER TABLE `types`
  MODIFY `id` bigint(20) UNSIGNED NOT NULL AUTO_INCREMENT, AUTO_INCREMENT=5;

--
-- AUTO_INCREMENT для таблицы `users`
--
ALTER TABLE `users`
  MODIFY `id` bigint(20) UNSIGNED NOT NULL AUTO_INCREMENT, AUTO_INCREMENT=4;

--
-- Ограничения внешнего ключа сохраненных таблиц
--

--
-- Ограничения внешнего ключа таблицы `cities`
--
ALTER TABLE `cities`
  ADD CONSTRAINT `cities_country_id_foreign` FOREIGN KEY (`country_id`) REFERENCES `countries` (`id`);

--
-- Ограничения внешнего ключа таблицы `galleries`
--
ALTER TABLE `galleries`
  ADD CONSTRAINT `galleries_tour_id_foreign` FOREIGN KEY (`tour_id`) REFERENCES `tours` (`id`);

--
-- Ограничения внешнего ключа таблицы `hotels`
--
ALTER TABLE `hotels`
  ADD CONSTRAINT `hotels_city_id_foreign` FOREIGN KEY (`city_id`) REFERENCES `cities` (`id`);

--
-- Ограничения внешнего ключа таблицы `permission_role`
--
ALTER TABLE `permission_role`
  ADD CONSTRAINT `permission_role_permission_id_foreign` FOREIGN KEY (`permission_id`) REFERENCES `permissions` (`id`) ON DELETE CASCADE,
  ADD CONSTRAINT `permission_role_role_id_foreign` FOREIGN KEY (`role_id`) REFERENCES `roles` (`id`) ON DELETE CASCADE;

--
-- Ограничения внешнего ключа таблицы `role_user`
--
ALTER TABLE `role_user`
  ADD CONSTRAINT `role_user_role_id_foreign` FOREIGN KEY (`role_id`) REFERENCES `roles` (`id`) ON DELETE CASCADE;

--
-- Ограничения внешнего ключа таблицы `sliders`
--
ALTER TABLE `sliders`
  ADD CONSTRAINT `sliders_country_id_foreign` FOREIGN KEY (`country_id`) REFERENCES `countries` (`id`);
COMMIT;

/*!40101 SET CHARACTER_SET_CLIENT=@OLD_CHARACTER_SET_CLIENT */;
/*!40101 SET CHARACTER_SET_RESULTS=@OLD_CHARACTER_SET_RESULTS */;
/*!40101 SET COLLATION_CONNECTION=@OLD_COLLATION_CONNECTION */;
